id,text,clean_text
0,medicres ai 2023 | international congress on good #artificialintelligence practice &amp; #innovation in health sciences  available in 120 languages on youtube now! https://t.co/db1eshskrk   #medicresai2023 #machinelearning #deeplearning #robotic #chatgpt #legalaspects @barisozcelik16 https://t.co/y1qgbddfyn,medicres ai international congress good practice health sciencesavailable language youtube
1,i'm so sick of #salesforce generated generic sales emails.  if one good thing comes out of #chatgpt maybe it will be that generic emails are actually customized to your @linkedin profile.    go ahead ai  call out my alma mater.  ask about the committees i volunteer for!,sick generated generic sale email good thing come maybe generic email actually customize profile go ahead ai call alma mater ask committee volunteer
2,"back in the mists of time  i was health editor for ask jeeves  combining my undergrad cognitive science studies &amp; health journalism. i've also noticed the similarity between #chatgpt search """"chatbots"""" &amp; what we were trying to do. 1/ https://t.co/tqobhmrvbo""""",back mist time health editor ask jeeves combine undergrad cognitive science study health journalism also notice similarity search chatbots try
3,metaverse and virtual reality: risks and opportunities    https://t.co/qdzdgbqsod via @wef  @wef_intel @enricomolinari   #chatgpt #ai #marketing #govtech #regtech #finserv #insurtech #payments #banking #ai #ehealth #fintech #metaverse,metaverse virtual reality risk opportunity
4,new #mit research shows spectacular increase in white collar #productivity from #chatgpt . . #ai #chatgpt3 #chatgpt„Å´ËÅû„ÅÑ„Å¶„Åø„Åü,new research show spectacular increase white collar
5,"9.""""we're excited to offer this revolutionary technology to our clients and give them the opportunity to engage with their customers in a new and unique way."""" -animatic media ceo scott ownbey.  #chatgpt #openai #chatbot #artificialintelligence #ai""""",excite offer revolutionary technology client give opportunity engage customer new unique way animatic medium ceo scott ownbey
6,#meta #chatgpt https://t.co/rufrvvtt0g  meta's rival to chatgpt has been leaked online and is now available for download. yahoo finance investigates how much it differs from microsoft and google's ai...,rival chatgpt leak online available download yahoo finance investigate much differ microsoft google ai
7,i was thrilled when chatgpt started answering my research questions by citing sources i could not find myself. it was exhilarating until i tried to find the articles and realized they were all made up by chatgpt.  none of them exist! üò° most disappointing moment! üò° #chatgpt https://t.co/arqyqgnndy,thrill chatgpt start answer research question cite source find exhilarate try find article realize make chatgpt none exist disappointing moment
8,after an extensive session with #chatgpt  and on the internet  til that coconut oil is a very rich source of lauric acid  which is a mosquito repellent.  in fact  it contains the highest amount of lauric acid among known edible oils.   ü¶üüö´  #lauricacid  #coconutoil,extensive session internet til coconut oil rich source lauric acid mosquito repellent fact contain high amount lauric acid know edible oil
9,my created website vs client example websiteüòÄ #websitedesign #webdevelopmenttips  #webdesign #webdesigner #websitedesign #websitedesigner #wordpress #wordpressdesign #wordpressdesigner #wordpressdeveloper #wordpressdevelopment  #tohidulpappu #ai #nft #cryptocurrency  #chatgpt https://t.co/opcrscqg5q,create website vs client example website
10,meta's rival to #chatgpt has been leaked online and now available for download. how much does it differ from microsoft and google's ai alternatives?  someone has now leaked meta's alternative to the public via fringe online messaging platform 4chan...  https://t.co/ajioa23qio,meta rival leak online available download much differ microsoft google ai alternative someone leak meta alternative public fringe online message platform